Utilization,Number_of_tasks,Total skipped,Weakly hard,QoS,Task_1 skipped,Task_2 skipped,Task_3 skipped
1.250000,3,3,1,0.700000,0,0,3
1.250000,3,34,1,0.765517,0,12,22
1.250000,3,61,1,0.693467,43,11,7
1.250000,3,45,1,0.618644,0,5,40
1.250000,3,30,1,0.734513,0,21,9
1.250000,3,22,1,0.681159,12,4,6
1.250000,3,155,1,0.748377,89,47,19
1.250000,3,194,1,0.744401,63,46,85
1.250000,3,15,1,0.634146,12,3,0
1.250000,3,15,1,0.634146,12,3,0
1.250000,3,48,1,0.847619,0,0,48
1.250000,3,32,1,0.692308,0,13,19
